States/UTs,District,Year,Murder,Rape,Kidnapping,Dacoity,Burglary,Theft,Riots,Forgery,Counterfeiting,Arson,Acid attack,Dowry Deaths,Stalking,Total_Crimes
Andhra Pradesh,Anantapur,2014,134,134,134,134,134,134,134,134,134,134,12,24,436,1812
Andhra Pradesh,Chittoor,2014,84,32,0,3,195,41,336,134,7,0,23,18,135,1008
Andhra Pradesh,Cuddapah,2014,80,28,4,16,144,0,445,0,86,0,0,39,215,1057
Andhra Pradesh,East Godavari,2014,64,85,18,66,346,51,556,27,96,0,50,43,519,1921
Andhra Pradesh,Guntakal Railway,2014,14,0,0,0,0,0,413,1,0,0,0,0,0,428
Andhra Pradesh,Guntur,2014,105,49,24,50,210,55,511,72,22,4,52,37,245,1436
Andhra Pradesh,Guntur Urban,2014,51,40,8,84,173,52,678,8,23,2,35,29,160,1343
Andhra Pradesh,Krishna,2014,51,80,20,2,302,55,380,9,24,0,23,39,354,1339
Andhra Pradesh,Kurnool,2014,118,32,4,32,244,74,554,94,20,0,33,9,403,1617
Andhra Pradesh,Nellore,2014,78,58,16,16,381,58,696,74,255,0,45,28,295,2000
Andhra Pradesh,Prakasham,2014,75,50,8,22,247,52,408,120,98,0,28,18,197,1323
Andhra Pradesh,Rajahmundry,2014,18,35,3,7,214,19,206,12,56,0,13,23,121,727
Andhra Pradesh,Srikakulam,2014,30,40,3,1,152,21,184,7,12,0,18,66,214,748
Andhra Pradesh,Tirupathi Urban,2014,35,18,5,12,227,49,666,31,11,2,11,3,60,1130
Andhra Pradesh,Vijayawada City,2014,23,64,4,16,345,239,1331,2,68,0,21,25,279,2417
Andhra Pradesh,Vijayawada Railway,2014,1,0,0,0,0,0,1082,0,1,0,0,0,8,1092
Andhra Pradesh,Visakha Rural,2014,43,38,0,4,88,0,122,7,6,0,23,33,129,493
Andhra Pradesh,Visakhapatnam,2014,38,84,0,0,392,58,957,0,71,0,14,63,147,1824
Andhra Pradesh,Vizianagaram,2014,43,47,1,27,176,176,296,13,14,0,13,41,225,1072
Andhra Pradesh,West Godavari,2014,90,146,46,30,468,109,743,19,52,4,36,51,405,2199
Andhra Pradesh,Total,2014,1175,961,165,425,4719,1209,11077,844,935,12,450,589,4547,27108
Arunachal Pradesh,Anjaw,2014,0,0,0,0,6,0,2,1,1,0,0,2,1,13
Arunachal Pradesh,Changlang,2014,9,6,0,5,18,0,46,1,1,0,1,15,0,102
Arunachal Pradesh,Crime Branch,2014,0,0,0,0,0,0,0,0,1,0,0,0,0,1
Arunachal Pradesh,Dibang Valley,2014,0,1,0,0,0,0,0,0,0,0,0,0,0,1
Arunachal Pradesh,Kameng East,2014,4,1,0,6,8,8,18,0,0,0,2,18,6,71
Arunachal Pradesh,Kameng West,2014,7,0,1,3,4,0,11,0,3,0,5,8,9,51
Arunachal Pradesh,Kukung Kumey,2014,4,3,0,2,5,0,4,0,1,0,1,10,1,31
Arunachal Pradesh,Lohit,2014,10,7,0,25,32,0,33,3,2,0,2,16,13,143
Arunachal Pradesh,Longding,2014,4,3,0,0,9,0,4,0,0,0,0,13,3,36
Arunachal Pradesh,Lower Dibang Valley,2014,2,3,0,0,10,0,21,0,0,0,0,10,0,46
Arunachal Pradesh,Papum Pare City,2014,13,32,2,14,36,20,49,2,8,0,3,42,26,247
Arunachal Pradesh,Papum Pare Rural,2014,7,0,0,0,6,0,14,2,2,0,0,9,4,44
Arunachal Pradesh,Siang East,2014,5,11,3,2,20,0,37,0,2,0,9,23,21,133
Arunachal Pradesh,Siang Upper,2014,1,1,0,0,8,0,6,0,1,0,1,2,1,21
Arunachal Pradesh,Siang West,2014,10,6,3,1,18,0,25,2,7,0,2,30,11,115
Arunachal Pradesh,Subansiri Lower,2014,4,1,0,7,22,0,14,3,0,0,6,22,6,85
Arunachal Pradesh,Subansiri Upper,2014,3,5,1,0,11,0,31,1,3,0,7,19,16,97
Arunachal Pradesh,Tawang,2014,1,0,0,0,2,0,14,0,0,0,0,2,1,20
Arunachal Pradesh,Tirap,2014,2,3,0,2,9,0,11,0,1,0,0,6,2,36
Arunachal Pradesh,Total,2014,86,83,10,67,224,28,340,15,33,0,39,247,121,1293
Assam,Barpeta,2014,46,143,0,20,357,140,332,306,158,0,38,424,556,2520
Assam,Baska,2014,31,26,0,5,42,0,90,0,2,0,29,115,27,367
Assam,Bongaigaon,2014,17,31,0,22,84,0,82,15,7,0,11,98,8,375
Assam,Cachar,2014,58,81,0,35,274,0,633,202,72,0,55,45,50,1505
Assam,Chirang,2014,37,29,5,16,39,0,55,19,13,0,17,85,33,348
Assam,Darrang,2014,33,111,23,22,174,0,307,82,35,0,38,447,453,1725
Assam,Dhemaji,2014,18,45,12,14,26,0,71,0,13,0,5,136,51,391
Assam,Dhubri,2014,58,193,0,15,280,0,319,531,187,0,82,1708,193,3566
Assam,Dibrugarh,2014,77,67,0,40,150,0,787,12,81,0,23,330,105,1672
Assam,G. R. P.,2014,9,1,0,10,2,0,174,5,0,0,0,0,0,201
Assam,Goalpara,2014,44,108,0,91,243,0,167,52,17,0,28,360,121,1231
Assam,Golaghat,2014,88,74,37,48,87,87,238,29,21,0,32,448,74,1263
Assam,Guwahati City,2014,84,100,25,15,924,143,1622,155,577,0,50,179,143,4017
Assam,Hailakandi,2014,24,77,0,15,93,93,139,287,28,0,9,13,23,801
Assam,Jorhat,2014,30,36,0,22,145,0,350,7,75,0,22,259,157,1103
Assam,Kamrup,2014,65,77,23,104,274,0,615,0,52,1,12,45,15,1283
Assam,Karbi Anglong,2014,38,23,6,12,2,2,141,6,10,0,0,95,26,361
Assam,Karimganj,2014,33,75,0,10,220,0,167,57,25,0,29,209,10,835
Assam,Kokrajhar,2014,60,45,0,27,46,0,210,10,3,0,35,80,47,563
Assam,Lakhimpur,2014,40,67,0,0,137,0,166,37,39,0,6,35,55,582
Assam,Morigaon,2014,28,81,14,0,93,0,154,130,13,0,17,222,328,1080
Assam,N. C. Hills,2014,76,6,0,5,17,0,35,4,0,0,2,19,0,164
Assam,Nagaon,2014,104,187,78,155,455,0,613,483,226,0,98,909,350,3658
Assam,Nalbari,2014,27,41,0,16,145,0,200,23,17,0,8,32,0,509
Assam,Sibsagar,2014,80,44,0,45,196,0,422,31,136,0,29,811,153,1947
Assam,Sonitpur,2014,110,112,0,20,282,0,494,90,36,0,31,227,20,1422
Assam,Tinsukia,2014,90,66,3,79,106,0,554,47,88,0,16,109,66,1224
Assam,Udalguri,2014,46,34,1,10,61,0,102,18,21,0,21,143,35,492
Assam,Total,2014,1451,1980,227,873,4954,465,9239,2638,1952,1,743,7583,3099,35205
Bihar,Araria,2014,53,35,0,17,49,0,274,306,24,0,11,26,1,796
Bihar,Arwal,2014,25,6,0,7,51,0,57,81,9,0,3,25,4,268
Bihar,Aurangabad,2014,74,12,10,7,104,0,238,248,52,1,12,198,29,985
Bihar,Bagaha,2014,21,14,9,0,26,0,121,123,48,0,2,8,38,410
Bihar,Banka,2014,59,22,0,0,41,0,113,100,31,0,17,327,3,713
Bihar,Begusarai,2014,121,30,27,0,145,0,482,461,47,0,24,77,37,1451
Bihar,Bettiah,2014,75,33,0,0,121,0,302,508,44,0,19,10,0,1112
Bihar,Bhabhua,2014,56,12,16,0,79,0,293,97,23,0,13,5,0,594
Bihar,Bhagalpur,2014,102,52,25,0,225,0,378,343,44,0,10,1,31,1211
Bihar,Bhojpur,2014,116,32,15,23,224,0,424,98,26,0,41,611,7,1617
Bihar,Buxar,2014,56,16,0,0,100,0,326,353,12,0,10,260,13,1146
Bihar,Darbhanga,2014,71,50,56,73,145,0,389,615,56,0,28,373,8,1864
Bihar,Gaya,2014,145,48,26,0,209,0,734,536,35,0,5,907,0,2645
Bihar,Gopalganj,2014,87,14,0,61,79,0,217,372,23,0,18,299,0,1170
Bihar,Jamalpur Railway,2014,9,0,0,2,2,2,184,1,0,0,0,0,3,203
Bihar,Jamui,2014,61,23,23,11,54,0,98,133,27,0,3,79,10,522
Bihar,Jehanabad,2014,38,10,13,0,40,0,154,202,4,0,11,723,0,1195
Bihar,Katihar,2014,70,65,17,40,84,0,186,238,11,0,4,169,0,884
Bihar,Katihar Railway,2014,10,0,0,0,4,4,147,4,2,0,1,4,11,187
Bihar,Khagaria,2014,52,14,17,0,31,14,126,172,3,0,19,136,2,586
Bihar,Kishanganj,2014,46,64,0,0,52,6,144,168,4,0,13,298,22,817
Bihar,Lakhisarai,2014,46,10,5,20,21,0,129,143,47,0,10,60,63,554
Bihar,Madhepura,2014,44,10,19,0,43,0,130,225,13,0,10,35,8,537
Bihar,Madhubani,2014,74,41,11,0,124,0,299,406,12,0,4,323,9,1303
Bihar,Motihari,2014,146,31,0,39,240,0,460,944,100,0,25,800,0,2785
Bihar,Munger,2014,46,11,8,0,51,21,156,195,17,0,16,7,5,533
Bihar,Muzaffarpur,2014,185,44,61,0,281,0,848,659,85,0,24,2943,166,5296
Bihar,Muzaffarpur Railway,2014,18,2,0,0,4,0,268,7,0,0,0,6,1,306
Bihar,Nalanda,2014,107,29,12,36,95,0,296,325,9,0,15,630,4,1558
Bihar,Naugachia,2014,37,10,0,5,17,9,65,84,9,0,3,10,3,252
Bihar,Nawadah,2014,84,22,3,0,61,53,163,337,76,0,6,269,10,1084
Bihar,Patna,2014,317,86,28,209,661,0,1773,636,125,0,2,4572,0,8409
Bihar,Patna Railway,2014,23,1,0,7,1,1,740,5,6,0,0,1,13,798
Bihar,Purnea,2014,75,66,0,30,80,73,229,321,21,0,2,235,30,1162
Bihar,Rohtas,2014,115,22,5,24,185,0,507,289,23,0,11,1468,0,2649
Bihar,Saharsa,2014,41,14,0,19,46,0,206,549,3,0,5,36,0,919
Bihar,Samastipur,2014,122,38,40,0,119,0,206,380,45,0,15,285,0,1250
Bihar,Saran,2014,144,37,0,0,196,0,512,442,12,0,36,424,0,1803
Bihar,Sheikhpura,2014,26,5,0,11,36,0,88,136,4,0,12,72,18,408
Bihar,Sheohar,2014,13,8,5,5,22,0,73,62,6,0,1,9,16,220
Bihar,Sitamarhi,2014,91,11,20,0,165,0,303,345,27,0,37,101,0,1100
Bihar,Siwan,2014,103,17,0,0,127,0,265,425,21,0,3,378,7,1346
Bihar,Supaul,2014,64,32,13,0,49,0,195,573,33,0,11,37,0,1007
Bihar,Vaishali,2014,135,28,0,71,185,0,762,603,0,0,5,110,0,1899
Bihar,Economic Offences Unit,2014,0,0,0,0,0,0,0,0,0,0,0,0,0,0
Bihar,Anti Terrorist Squad,2014,0,0,0,0,0,0,0,0,0,0,0,0,0,0
Bihar,Total,2014,3403,1127,484,717,4674,183,14060,13250,1219,1,517,17347,572,57554
Chhattisgarh,Balod,2014,17,34,0,9,77,0,73,22,6,0,13,13,62,326
Chhattisgarh,Balodbazar,2014,33,40,6,0,186,32,150,0,9,0,19,845,95,1415
Chhattisgarh,Balrampur,2014,55,111,0,21,51,51,37,0,7,0,7,84,62,486
Chhattisgarh,Bemetra,2014,21,41,0,7,104,104,79,0,2,0,4,18,56,436
Chhattisgarh,Bilaspur,2014,72,94,0,0,378,36,181,80,7,0,31,112,211,1202
Chhattisgarh,Bizapur,2014,38,6,0,0,18,3,3,0,0,0,4,9,2,83
Chhattisgarh,Dantewara,2014,22,11,0,0,28,0,18,9,0,0,7,13,9,117
Chhattisgarh,Dhamtari,2014,20,36,1,0,62,13,46,6,5,0,4,27,49,269
Chhattisgarh,Durg,2014,50,84,4,93,370,370,441,44,14,0,41,74,254,1839
Chhattisgarh,Gariyaband,2014,15,42,1,0,41,8,21,12,1,0,2,17,31,191
Chhattisgarh,G. R. P. Raipur,2014,2,0,0,0,5,1,286,2,2,0,0,6,8,312
Chhattisgarh,Jagdalpur,2014,45,32,0,40,81,81,55,16,0,0,7,552,42,951
Chhattisgarh,Janjgir,2014,48,64,0,3,203,35,127,95,9,0,17,81,141,823
Chhattisgarh,Jashpur,2014,55,86,0,28,63,0,42,9,5,0,5,57,48,398
Chhattisgarh,Kabirdham,2014,25,39,1,0,67,0,57,14,4,0,5,10,84,306
Chhattisgarh,Kanker,2014,47,40,0,0,67,0,71,0,6,0,9,19,37,296
Chhattisgarh,Kondagaon,2014,33,21,0,8,37,0,11,15,0,0,7,187,16,335
Chhattisgarh,Korba,2014,37,68,2,42,161,12,144,0,13,0,11,46,83,619
Chhattisgarh,Koriya,2014,40,58,0,0,80,0,75,28,1,0,5,708,74,1069
Chhattisgarh,Mahasamund,2014,22,44,0,8,163,11,146,36,7,0,2,36,99,574
Chhattisgarh,Mungali,2014,21,10,0,0,76,0,58,32,0,0,6,0,38,241
Chhattisgarh,Narayanpur,2014,5,7,0,0,8,0,3,0,1,0,2,4,6,36
Chhattisgarh,Raigarh,2014,74,121,0,96,150,0,174,81,11,0,15,820,140,1682
Chhattisgarh,Raipur,2014,49,141,6,5,532,77,704,77,37,0,31,107,224,1990
Chhattisgarh,Rajnandgaon,2014,33,57,0,20,143,0,122,32,6,0,12,15,100,540
Chhattisgarh,Sarguja,2014,61,94,0,20,82,0,74,0,5,0,12,61,76,485
Chhattisgarh,Sukma,2014,20,5,0,1,9,0,3,0,1,0,4,3,5,51
Chhattisgarh,Surajpur,2014,38,50,0,58,5,0,229,23,11,0,15,36,70,535
Chhattisgarh,Total,2014,998,1436,21,459,3247,834,3430,633,170,0,297,3960,2122,17607
Goa,North Goa,2014,20,55,0,8,231,38,472,95,57,0,30,82,146,1234
Goa,South Goa,2014,14,37,2,9,141,37,243,38,25,0,11,32,53,642
Goa,C. I. D.,2014,0,3,0,0,0,0,53,0,0,0,0,0,3,59
Goa,Total,2014,34,95,2,17,372,75,768,133,82,0,41,114,202,1935
Gujarat,Ahmedabad City,2014,82,100,0,56,500,265,896,59,169,8,4,241,162,2542
Gujarat,Ahmedabad Rural,2014,27,18,0,27,57,54,135,39,48,1,9,65,31,511
Gujarat,Amreli,2014,26,7,1,4,78,14,50,21,23,0,0,61,21,306
Gujarat,Anand,2014,37,12,0,2,114,103,141,21,24,0,8,71,21,554
Gujarat,Arvalli,2014,28,5,0,8,67,67,41,4,11,0,2,19,19,271
Gujarat,Banaskantha,2014,51,56,0,7,214,192,183,67,33,0,17,523,90,1433
Gujarat,Bharuch,2014,47,42,0,20,142,118,184,53,83,0,3,89,49,830
Gujarat,Bhavnagar,2014,39,17,0,7,153,140,174,53,20,0,9,148,39,799
Gujarat,Botad,2014,13,11,0,0,25,22,18,9,3,1,2,44,11,159
Gujarat,Chhotaudepur,2014,22,15,0,1,31,31,36,0,3,1,5,51,11,207
Gujarat,C. I. D. Crime,2014,2,0,0,0,0,0,0,0,0,0,0,0,0,2
Gujarat,Dahod,2014,45,27,0,20,115,0,90,30,5,0,9,119,28,488
Gujarat,Dang,2014,10,4,0,3,8,8,8,4,1,0,0,12,6,64
Gujarat,Devbhumi Dwarka,2014,9,3,0,5,38,38,24,20,6,0,0,32,14,189
Gujarat,Gandhinagar,2014,20,17,3,18,90,12,162,48,6,0,6,58,22,462
Gujarat,Gir Somnath,2014,17,17,0,4,52,33,37,28,10,0,5,34,30,267
Gujarat,Jamnagar,2014,23,34,0,4,119,119,141,40,39,0,6,110,26,661
Gujarat,Junagadh,2014,13,21,0,28,81,55,63,30,19,0,15,29,42,396
Gujarat,Kachchh East(G),2014,35,31,0,49,137,137,151,46,17,0,2,70,34,709
Gujarat,Kachchh West(B),2014,16,18,1,6,106,97,162,53,29,0,4,53,27,572
Gujarat,Kheda,2014,22,12,0,3,56,32,89,22,30,0,3,115,29,413
Gujarat,Mahisagar,2014,18,10,0,1,53,46,16,10,9,0,5,26,15,209
Gujarat,Mehsana,2014,24,6,0,16,183,169,269,59,44,0,10,55,42,877
Gujarat,Morbi,2014,31,9,0,4,41,41,81,19,39,0,4,36,17,322
Gujarat,Narmada,2014,12,8,0,0,15,11,20,10,3,0,1,41,21,142
Gujarat,Navsari,2014,19,15,0,11,136,19,111,18,45,0,2,44,19,439
Gujarat,Panchmahal,2014,34,24,1,3,93,0,62,1,10,0,10,76,28,342
Gujarat,Patan,2014,17,25,0,7,85,40,135,11,15,0,4,81,51,471
Gujarat,Porbandar,2014,8,8,0,3,29,29,41,19,11,0,2,20,18,188
Gujarat,Rajkot City,2014,43,17,0,16,176,138,164,61,70,0,11,92,31,819
Gujarat,Rajkot Rural,2014,24,30,0,9,104,15,93,38,33,0,12,49,36,443
Gujarat,Sabarkantha,2014,22,10,0,2,64,64,95,17,13,0,2,34,33,356
Gujarat,Surat City,2014,85,94,0,34,257,75,429,30,26,0,4,355,70,1459
Gujarat,Surat Rural,2014,52,21,0,11,151,9,194,15,27,0,5,51,34,570
Gujarat,Surendranagar,2014,34,22,0,12,88,13,115,47,26,0,13,132,36,538
Gujarat,Tapi,2014,13,15,0,3,34,34,58,12,12,0,3,23,9,216
Gujarat,Vadodara City,2014,23,23,0,14,502,502,422,41,18,0,8,105,109,1767
Gujarat,Vadodara Rural,2014,24,11,0,8,57,57,46,20,13,0,4,70,36,346
Gujarat,Valsad,2014,43,26,0,11,221,35,257,43,71,0,7,106,27,847
Gujarat,W.Rly  Ahmedabad,2014,9,0,0,2,1,1,320,0,2,0,1,11,6,353
Gujarat,W.Rly Vadodara,2014,5,0,0,0,4,4,547,0,4,0,0,2,2,568
Gujarat,Total,2014,1124,841,6,439,4477,2839,6260,1118,1070,11,217,3353,1352,23107
Haryana,Ambala (Rural),2014,15,25,6,32,96,13,111,0,5,1,1,62,17,384
Haryana,Ambala (Urban),2014,25,31,3,123,321,1,140,6,33,0,4,95,23,805
Haryana,Bhiwani,2014,62,44,10,74,400,48,308,219,17,0,26,52,99,1359
Haryana,Faridabad,2014,64,101,4,191,412,93,343,0,200,0,7,110,94,1619
Haryana,Fatehabad,2014,20,27,1,32,218,24,89,92,10,0,9,17,56,595
Haryana,G. R. P.,2014,26,1,0,0,2,0,284,4,3,0,0,9,17,346
Haryana,Gurgaon,2014,96,117,13,213,725,199,1177,172,140,0,8,86,155,3101
Haryana,Hissar,2014,66,55,3,56,558,97,385,164,18,0,20,79,91,1592
Haryana,Jhajjar,2014,69,56,2,8,161,24,125,0,7,0,5,56,47,560
Haryana,Jind,2014,49,23,6,60,246,27,156,150,57,0,19,26,67,886
Haryana,Kaithal,2014,47,33,1,127,170,12,78,0,44,0,4,83,58,657
Haryana,Karnal,2014,53,100,10,329,367,24,283,21,12,0,10,260,95,1564
Haryana,Kurukshetra,2014,30,35,9,0,261,41,166,0,13,0,2,145,59,761
Haryana,Mahendergarh,2014,38,24,7,62,199,23,198,93,18,0,9,78,78,827
Haryana,Mewat,2014,33,85,2,46,79,0,134,224,15,0,5,53,86,762
Haryana,Palwal,2014,52,49,3,74,168,39,187,243,34,1,6,82,96,1034
Haryana,Panchkula,2014,14,36,2,127,233,0,103,0,1,0,6,8,30,560
Haryana,Panipat,2014,53,64,12,20,416,35,231,110,40,1,11,32,97,1122
Haryana,Rewari,2014,27,41,16,31,224,0,196,64,27,0,10,121,65,822
Haryana,Rohtak,2014,76,68,3,73,342,49,264,109,38,0,9,72,98,1201
Haryana,Sirsa,2014,36,49,7,12,376,92,203,18,20,0,10,24,86,933
Haryana,Sonipat,2014,110,60,9,21,364,48,341,10,22,0,16,48,98,1147
Haryana,Yamunanagar,2014,45,50,7,299,379,64,175,4,12,0,6,58,76,1175
Haryana,Irrigation & Power,2014,0,0,0,0,0,0,0,0,0,0,0,0,0,0
Haryana,Total,2014,1106,1174,136,2010,6717,953,5677,1703,786,3,203,1656,1688,23812
Himachal Pradesh,Baddi,2014,13,9,0,0,32,7,18,42,18,0,2,17,15,173
Himachal Pradesh,Bilaspur,2014,4,15,1,1,45,10,20,36,2,0,10,54,72,270
Himachal Pradesh,Chamba,2014,8,23,0,1,98,71,24,37,2,0,10,59,27,360
Himachal Pradesh,C. I. D.,2014,0,1,0,0,0,0,0,0,0,0,0,0,0,1
Himachal Pradesh,G. R. P.,2014,1,0,0,0,0,0,1,0,0,0,0,0,0,2
Himachal Pradesh,Hamirpur,2014,12,13,0,0,44,0,26,14,7,0,9,46,32,203
Himachal Pradesh,Kangra,2014,26,43,3,6,141,30,70,78,26,0,10,117,79,629
Himachal Pradesh,Kinnaur,2014,2,10,0,0,40,16,10,6,4,0,0,12,5,105
Himachal Pradesh,Kullu,2014,9,16,0,24,55,0,26,26,5,0,5,66,35,267
Himachal Pradesh,Lahaul & Spiti,2014,2,0,0,0,1,0,1,0,0,0,0,1,0,5
Himachal Pradesh,Mandi,2014,15,47,0,0,76,22,38,51,9,0,24,65,101,448
Himachal Pradesh,Shimla,2014,18,39,0,0,149,149,69,72,20,0,10,34,64,624
Himachal Pradesh,Sirmaur,2014,6,28,0,4,50,50,29,41,15,1,4,33,46,307
Himachal Pradesh,Solan,2014,5,16,1,14,104,104,34,30,15,0,7,21,31,382
Himachal Pradesh,Una,2014,9,23,0,5,49,0,34,38,6,0,6,67,31,268
Himachal Pradesh,Total,2014,130,283,5,55,884,459,400,471,129,1,97,592,538,4044
Jammu & Kashmir,Anantnag,2014,9,19,0,0,92,92,57,180,4,0,14,2,123,592
Jammu & Kashmir,Awantipora,2014,9,6,0,0,15,0,26,15,0,0,0,0,19,90
Jammu & Kashmir,Bandipora,2014,2,4,0,3,36,0,31,65,0,0,5,1,53,200
Jammu & Kashmir,Baramulla,2014,2,10,4,28,56,6,55,151,5,1,9,5,83,415
Jammu & Kashmir,Budgam,2014,11,9,0,48,58,28,60,134,6,0,4,2,30,390
Jammu & Kashmir,Crime Jammu,2014,0,0,0,0,0,0,0,0,0,0,0,0,0,0
Jammu & Kashmir,Crime Srinagar,2014,1,1,0,0,0,0,0,0,0,0,0,0,0,2
Jammu & Kashmir,Doda,2014,3,23,0,0,40,0,42,3,7,0,5,6,60,189
Jammu & Kashmir,Ganderbal,2014,2,0,2,20,44,0,20,0,4,0,9,2,54,157
Jammu & Kashmir,Handwara,2014,3,3,0,24,22,0,44,53,2,0,4,3,80,238
Jammu & Kashmir,Jammu,2014,21,68,0,73,290,290,157,71,16,0,14,17,81,1098
Jammu & Kashmir,Kargil,2014,1,2,0,0,3,3,3,11,0,0,0,2,0,25
Jammu & Kashmir,Kathua,2014,13,18,4,0,58,0,37,39,8,0,11,12,43,243
Jammu & Kashmir,Kishtwar,2014,0,6,0,0,29,0,18,2,1,0,4,0,23,83
Jammu & Kashmir,Kulgam,2014,4,7,0,0,39,0,41,78,4,0,7,110,171,461
Jammu & Kashmir,Kupwara,2014,7,8,0,42,34,0,34,159,4,0,4,7,61,360
Jammu & Kashmir,Leh,2014,1,6,0,1,7,0,6,0,0,0,0,2,3,26
Jammu & Kashmir,Poonch,2014,8,13,0,0,38,5,27,85,3,0,12,76,42,309
Jammu & Kashmir,Pulwama,2014,5,7,0,0,16,0,15,63,1,0,2,37,20,166
Jammu & Kashmir,Railways Jammu,2014,1,0,0,0,0,0,6,0,0,0,0,0,1,8
Jammu & Kashmir,Railways Kashmir,2014,0,0,0,0,2,0,1,3,0,0,0,0,2,8
Jammu & Kashmir,Railways Katra,2014,0,0,0,0,0,0,1,0,1,0,0,0,0,2
Jammu & Kashmir,Rajouri,2014,18,39,1,2,44,0,41,34,9,0,6,18,65,277
Jammu & Kashmir,Ramban,2014,3,8,2,0,17,1,27,2,2,0,2,5,25,94
Jammu & Kashmir,Reasi,2014,1,16,1,0,20,5,22,28,2,0,2,12,18,127
Jammu & Kashmir,Samba,2014,4,7,1,6,29,0,13,34,2,1,4,8,10,119
Jammu & Kashmir,Shopian,2014,5,1,0,0,17,0,44,74,2,0,3,0,30,176
Jammu & Kashmir,Sopore,2014,9,8,0,40,75,0,57,45,1,0,6,0,83,324
Jammu & Kashmir,Srinagar,2014,5,12,5,31,238,238,135,130,9,0,27,6,218,1054
Jammu & Kashmir,Udhampur,2014,8,30,0,0,48,4,33,3,3,0,5,6,23,163
Jammu & Kashmir,Total,2014,156,331,20,318,1367,672,1053,1462,96,2,159,339,1421,7396
Jharkhand,Bokaro,2014,43,63,0,0,114,114,505,136,60,0,0,0,0,1035
Jharkhand,Chaibasa,2014,120,54,11,21,34,12,86,0,1,0,4,23,22,388
Jharkhand,Chatra,2014,59,18,11,2,20,0,111,86,2,0,5,14,19,347
Jharkhand,Deoghar,2014,43,25,0,0,84,84,241,91,45,0,4,564,21,1202
Jharkhand,Dhanbad,2014,79,54,21,5,219,219,528,216,235,0,4,27,54,1661
Jharkhand,Dhanbad Railway,2014,13,0,0,5,1,1,206,0,0,0,0,0,6,232
Jharkhand,Dumka,2014,59,39,16,5,73,73,168,62,8,0,3,146,9,661
Jharkhand,Garhwa,2014,67,50,10,6,60,0,115,0,65,0,6,85,19,483
Jharkhand,Giridih,2014,72,58,27,91,62,0,224,0,23,0,1,34,39,631
Jharkhand,Godda,2014,50,34,0,43,18,18,126,74,7,0,0,0,0,370
Jharkhand,Gumla,2014,187,67,0,2,21,0,95,13,0,0,7,0,15,407
Jharkhand,Hazaribagh,2014,60,52,7,65,131,26,276,97,1,0,12,7,50,784
Jharkhand,Jamshedpur,2014,100,55,21,5,175,15,464,99,103,0,5,60,47,1149
Jharkhand,Jamshedpur Railway,2014,11,0,0,0,1,1,113,0,1,0,1,1,2,131
Jharkhand,Jamtara,2014,18,27,19,5,30,12,69,50,12,0,6,0,29,277
Jharkhand,Khunti,2014,84,7,2,1,2,1,24,36,1,0,4,3,3,168
Jharkhand,Koderma,2014,25,15,0,19,33,0,93,78,0,0,0,0,0,263
Jharkhand,Latehar,2014,41,25,0,0,15,9,91,21,14,0,0,0,0,216
Jharkhand,Lohardagga,2014,40,43,0,12,25,0,56,5,7,0,4,0,5,197
Jharkhand,Pakur,2014,30,55,6,3,35,0,29,57,7,0,2,29,12,265
Jharkhand,Palamu,2014,77,44,6,29,87,7,131,122,69,0,9,16,15,612
Jharkhand,Ramgarh,2014,40,48,11,37,51,0,193,103,48,0,7,10,20,568
Jharkhand,Ranchi,2014,133,75,0,9,84,0,347,90,35,0,3,305,1,1082
Jharkhand,Sahebganj,2014,72,87,0,25,10,8,90,69,0,0,2,0,20,383
Jharkhand,Saraikela,2014,58,31,38,38,47,0,137,18,45,0,4,10,27,453
Jharkhand,Simdega,2014,77,24,2,12,10,0,30,14,1,0,1,5,5,181
Jharkhand,Total,2014,1658,1050,208,440,1442,600,4548,1537,790,0,94,1339,440,14146
Karnataka,Bagalkot,2014,39,22,0,25,125,0,76,198,5,1,12,29,96,628
Karnataka,Bengaluru City,2014,241,104,4,60,1542,427,6380,373,107,2,100,216,680,10236
Karnataka,Bengaluru District,2014,78,60,0,0,262,0,306,248,32,0,13,32,135,1166
Karnataka,Belagavi District,2014,75,59,1,33,205,51,189,403,19,0,21,94,233,1383
Karnataka,Ballari,2014,58,48,0,9,216,35,185,233,6,0,5,338,121,1254
Karnataka,Bidar,2014,44,33,8,29,127,127,120,219,6,0,14,34,82,843
Karnataka,Vijayapura,2014,64,45,0,14,127,15,53,276,4,0,37,40,127,802
Karnataka,Chikkaballapura,2014,32,36,0,23,103,103,144,179,18,0,9,25,106,778
Karnataka,Chamarajnagar,2014,28,11,0,6,41,5,64,85,2,0,6,13,92,353
Karnataka,Chikkamagaluru,2014,39,30,0,0,104,0,143,93,10,0,9,22,172,622
Karnataka,Chitradurga,2014,47,24,0,31,100,16,171,244,5,0,12,14,241,905
Karnataka,Dakshina Kannada,2014,26,40,1,5,100,16,59,141,7,1,12,16,70,494
Karnataka,Davanagere,2014,45,40,0,15,170,19,230,266,17,0,8,35,211,1056
Karnataka,Dharwad,2014,24,23,0,0,38,11,53,106,9,0,5,24,32,325
Karnataka,Gadag,2014,12,15,0,11,55,10,42,92,10,0,3,18,31,299
Karnataka,Kalaburgi,2014,75,53,0,30,196,30,142,0,6,0,5,69,145,751
Karnataka,Hassan,2014,64,63,0,57,181,51,145,156,7,0,27,4,251,1006
Karnataka,Haveri,2014,28,40,0,17,79,0,166,250,6,0,0,23,94,703
Karnataka,Hubballi Dharwad City,2014,20,21,0,34,141,22,127,109,24,0,4,34,31,567
Karnataka,K.G.F.,2014,13,20,1,3,45,12,42,39,0,0,5,7,21,208
Karnataka,Kodagu,2014,33,25,0,36,99,36,100,0,5,0,8,13,60,415
Karnataka,Kolar,2014,35,32,0,15,61,15,89,208,3,0,9,10,67,544
Karnataka,Koppal,2014,26,28,0,31,58,0,103,175,4,0,4,183,34,646
Karnataka,Mandya,2014,41,36,2,12,201,36,201,216,6,0,20,37,278,1086
Karnataka,Mangaluru City,2014,30,25,0,22,228,228,95,119,18,0,12,11,72,860
Karnataka,Mysuru City,2014,24,41,1,40,106,76,191,68,10,0,0,20,87,664
Karnataka,Mysuru District,2014,52,41,0,45,183,82,349,254,8,0,18,34,201,1267
Karnataka,Raichur,2014,53,55,2,19,66,7,85,300,11,0,9,39,198,844
Karnataka,K.Railways,2014,13,1,0,4,0,0,712,0,0,0,0,23,9,762
Karnataka,Ramanagar,2014,73,43,0,3,207,160,282,221,9,0,12,50,142,1202
Karnataka,Shimoga,2014,50,58,0,15,312,56,178,350,7,0,26,37,404,1493
Karnataka,Tumakuru,2014,55,36,0,34,140,77,136,193,15,0,13,44,242,985
Karnataka,Udupi,2014,22,28,0,8,94,10,70,73,14,0,11,17,111,458
Karnataka,Uttara Kannada,2014,21,25,1,3,105,22,61,103,9,0,13,37,154,554
Karnataka,Yadgiri,2014,31,41,1,4,40,5,37,119,1,0,4,36,148,467
Karnataka,Belagavi City,2014,25,22,0,22,175,30,117,155,12,0,18,34,85,695
Karnataka,Total,2014,1636,1324,22,715,6032,1790,11643,6264,432,4,484,1712,5263,37321
Kerala,Alapuzha,2014,19,61,0,1,190,25,151,213,15,0,14,117,245,1051
Kerala,Ernakulam Commr.,2014,13,64,2,3,157,33,223,57,15,0,3,49,158,777
Kerala,Ernakulam Rural,2014,19,71,1,8,193,35,237,311,27,1,12,166,224,1305
Kerala,Idukki,2014,20,71,2,6,157,33,111,213,16,0,9,90,186,914
Kerala,Kannur,2014,22,59,3,9,185,55,81,403,11,0,86,65,222,1201
Kerala,Kasargod,2014,16,59,0,6,142,30,117,318,11,0,44,55,123,921
Kerala,Kollam Commr.,2014,10,78,0,5,95,86,78,276,9,0,13,132,287,1069
Kerala,Kollam Rural,2014,28,81,0,4,194,31,126,228,5,0,16,107,240,1060
Kerala,Kottayam,2014,17,75,0,5,169,78,163,156,12,0,17,107,204,1003
Kerala,Kozhikode Commr.,2014,8,35,2,1,183,47,117,189,34,1,9,31,107,764
Kerala,Kozhikode Rural,2014,9,52,6,6,196,47,107,288,6,0,63,42,226,1048
Kerala,Malappuram,2014,19,103,0,5,271,32,160,682,13,0,9,103,346,1743
Kerala,Palakkad,2014,23,88,3,9,204,100,205,437,64,1,31,97,182,1444
Kerala,Pathanamthitta,2014,11,63,1,2,187,45,144,75,9,0,19,136,163,855
Kerala,Railways,2014,3,0,1,2,2,0,299,6,0,0,0,0,74,387
Kerala,Thrissur Commr.,2014,17,38,0,8,83,21,108,73,14,0,12,67,109,550
Kerala,Thrissur Rural,2014,24,94,2,4,141,38,166,213,9,1,47,164,298,1201
Kerala,Trivandrum Commr.,2014,13,56,2,1,147,32,237,226,19,0,10,48,254,1045
Kerala,Trivandrum Rural,2014,45,122,8,0,472,85,221,383,8,0,29,209,581,2163
Kerala,Wayanadu,2014,9,75,3,3,79,22,40,135,9,0,8,36,134,553
Kerala,Crime Branch,2014,22,2,0,0,5,1,2,1,60,0,2,2,4,101
Kerala,Total,2014,367,1347,36,88,3452,876,3093,4883,366,4,453,1823,4367,21155
Madhya Pradesh,Agar,2014,5,28,1,2,54,4,79,15,1,0,12,38,56,295
Madhya Pradesh,Alirajpur,2014,46,17,0,2,35,0,30,9,0,0,10,63,15,227
Madhya Pradesh,Anuppur,2014,35,70,4,2,168,0,116,24,6,0,7,29,121,582
Madhya Pradesh,Ashok Nagar,2014,29,76,3,0,123,0,89,26,10,0,13,263,171,803
Madhya Pradesh,Balaghat,2014,60,131,0,0,144,11,87,41,14,0,18,23,178,707
Madhya Pradesh,Barwani,2014,44,68,0,1,112,1,109,16,4,0,13,34,92,494
Madhya Pradesh,Betul,2014,63,164,4,39,231,0,194,2,16,0,16,40,417,1186
Madhya Pradesh,Bhind,2014,62,78,0,0,204,0,186,0,18,0,13,1247,142,1950
Madhya Pradesh,Bhopal,2014,83,223,0,72,1041,1041,1078,62,23,0,22,327,343,4315
Madhya Pradesh,Bhopal Railway,2014,4,3,0,11,6,6,1651,4,2,0,0,1,19,1707
Madhya Pradesh,Burhanpur,2014,20,46,0,24,58,0,78,8,5,0,2,47,90,378
Madhya Pradesh,Chhatarpur,2014,44,78,0,0,197,0,101,28,7,0,16,308,232,1011
Madhya Pradesh,Chhindwara,2014,73,205,0,0,245,0,155,42,19,0,22,2024,241,3026
Madhya Pradesh,Damoh,2014,33,46,0,0,89,0,52,10,3,0,7,107,137,484
Madhya Pradesh,Datia,2014,42,34,0,0,76,0,86,17,9,0,13,74,88,439
Madhya Pradesh,Dewas,2014,64,121,1,45,194,18,294,48,9,0,13,94,216,1117
Madhya Pradesh,Dhar,2014,51,138,3,76,261,0,341,65,24,0,34,492,244,1729
Madhya Pradesh,Dindori,2014,24,91,0,4,65,0,61,11,0,0,11,7,162,436
Madhya Pradesh,Guna,2014,46,123,0,0,155,0,210,52,14,0,23,499,168,1290
Madhya Pradesh,Gwalior,2014,78,158,1,106,641,58,515,108,56,0,18,66,364,2169
Madhya Pradesh,Harda,2014,12,47,0,0,52,0,29,10,1,0,3,43,82,279
Madhya Pradesh,Hoshangabad,2014,59,102,1,0,227,0,215,38,12,0,19,109,183,965
Madhya Pradesh,Indore,2014,115,261,3,29,1588,0,1774,75,36,1,49,135,411,4477
Madhya Pradesh,Indore Railway,2014,1,4,0,5,5,5,400,0,0,0,0,0,9,429
Madhya Pradesh,Jabalpur,2014,92,194,12,211,580,83,440,58,11,0,7,137,374,2199
Madhya Pradesh,Jabalpur Railway,2014,3,4,0,15,4,0,894,1,0,0,0,3,21,945
Madhya Pradesh,Jhabua,2014,33,52,0,15,116,0,89,29,4,0,19,122,98,577
Madhya Pradesh,Katni,2014,35,93,1,72,174,4,86,6,7,0,12,153,178,821
Madhya Pradesh,Khandwa,2014,31,84,0,26,312,126,232,39,11,0,26,49,270,1206
Madhya Pradesh,Khargone,2014,42,118,0,126,195,0,264,23,6,0,12,125,247,1158
Madhya Pradesh,Mandla,2014,36,64,5,141,72,0,34,6,1,0,4,248,99,710
Madhya Pradesh,Mandsaur,2014,30,90,0,140,199,0,197,25,23,0,25,103,183,1015
Madhya Pradesh,Morena,2014,43,43,2,46,158,0,264,101,10,0,7,308,131,1113
Madhya Pradesh,Narsinghpur,2014,40,113,0,34,122,0,80,21,8,0,20,1675,165,2278
Madhya Pradesh,Neemuch,2014,8,47,0,14,79,0,118,17,44,0,5,56,88,476
Madhya Pradesh,Panna,2014,29,41,0,0,95,0,51,1,9,0,11,205,84,526
Madhya Pradesh,Raisen,2014,46,161,3,54,109,7,190,0,5,0,19,119,225,938
Madhya Pradesh,Rajgarh,2014,28,94,2,112,160,0,161,41,9,0,72,96,235,1010
Madhya Pradesh,Ratlam,2014,36,69,0,0,148,0,173,38,20,0,14,230,151,879
Madhya Pradesh,Rewa,2014,73,110,0,35,641,136,269,44,12,0,29,137,169,1655
Madhya Pradesh,Sagar,2014,75,126,2,0,264,23,172,85,12,0,26,307,405,1497
Madhya Pradesh,Satna,2014,69,187,5,203,379,379,233,68,17,0,25,649,254,2468
Madhya Pradesh,Seoni,2014,29,83,0,155,114,0,98,19,2,0,11,76,137,724
Madhya Pradesh,Shahdol,2014,36,122,0,35,277,0,231,21,4,0,16,92,272,1106
Madhya Pradesh,Shajapur,2014,20,68,0,11,141,17,178,21,19,1,17,99,139,731
Madhya Pradesh,Sheopur,2014,18,23,0,0,47,47,56,12,3,0,5,72,57,340
Madhya Pradesh,Shivpuri,2014,55,101,1,168,207,207,219,0,11,0,43,228,269,1509
Madhya Pradesh,Sidhi,2014,31,40,0,72,116,8,71,13,7,0,7,53,100,518
Madhya Pradesh,Sehore,2014,33,124,0,9,267,21,210,39,17,0,17,61,162,960
Madhya Pradesh,Singrauli,2014,42,88,0,47,147,0,172,32,6,0,22,87,97,740
Madhya Pradesh,Tikamgarh,2014,36,92,1,0,165,0,71,35,3,0,12,195,133,743
Madhya Pradesh,Ujjain,2014,67,126,0,32,434,24,435,60,28,0,7,114,282,1609
Madhya Pradesh,Umaria,2014,17,51,0,0,102,0,54,11,4,0,5,31,104,379
Madhya Pradesh,Vidisha,2014,48,156,1,4,315,26,249,27,8,0,16,197,299,1346
Madhya Pradesh,Cyber Cell,2014,0,0,0,0,0,0,0,0,0,0,0,0,0,0
Madhya Pradesh,Total,2014,2274,5076,56,2195,12110,2252,13921,1604,610,2,865,12097,9609,62671
Maharashtra,Ahmednagar,2014,109,103,1,39,559,502,988,457,32,0,46,199,269,3304
Maharashtra,Akola,2014,52,52,1,3,177,55,560,86,19,0,34,121,219,1379
Maharashtra,Amravati Commr.,2014,27,27,0,5,206,110,580,9,19,0,16,69,132,1200
Maharashtra,Amravati Rural,2014,51,103,0,12,236,56,1069,43,11,0,70,269,415,2335
Maharashtra,Aurangabad Commr.,2014,35,27,0,15,267,57,713,134,15,0,35,71,227,1596
Maharashtra,Aurangabad Rural,2014,49,31,0,12,116,14,726,254,14,0,30,77,177,1500
Maharashtra,Beed,2014,75,70,0,28,227,27,386,230,30,0,33,121,273,1500
Maharashtra,Bhandara,2014,20,28,0,2,153,39,393,18,11,0,20,42,73,799
Maharashtra,Buldhana,2014,59,57,0,7,155,26,502,163,19,0,45,128,253,1414
Maharashtra,Chandrapur,2014,51,99,1,18,233,38,532,53,41,0,28,127,224,1445
Maharashtra,Dhule,2014,38,35,0,25,145,14,216,149,44,0,3,50,98,817
Maharashtra,Gadchiroli,2014,54,22,1,2,85,8,72,6,3,0,17,24,32,326
Maharashtra,Gondia,2014,33,58,0,25,130,10,217,13,10,0,10,59,113,678
Maharashtra,Hingoli,2014,27,24,0,4,51,1,96,66,6,0,12,54,80,421
Maharashtra,Jalgaon,2014,80,66,0,8,248,24,712,318,95,0,23,172,347,2093
Maharashtra,Jalna,2014,64,33,0,0,206,41,395,120,13,0,23,191,185,1271
Maharashtra,Kolhapur,2014,64,84,0,28,363,67,480,255,69,7,22,109,176,1724
Maharashtra,Latur,2014,74,57,0,0,231,47,329,0,14,0,54,42,174,1022
Maharashtra,Mumbai Commr.,2014,183,607,2,71,3055,524,6503,400,672,5,54,2004,1626,15706
Maharashtra,Mumbai Railway,2014,17,1,0,0,4,0,2247,6,6,0,0,14,55,2350
Maharashtra,Nagpur Commr.,2014,103,113,2,2,1074,246,1358,147,52,0,33,312,279,3721
Maharashtra,Nagpur Railway,2014,2,3,0,2,0,0,1481,7,1,0,0,12,20,1528
Maharashtra,Nagpur Rural,2014,69,65,0,0,249,40,748,60,28,0,41,146,187,1633
Maharashtra,Nanded,2014,73,43,0,55,243,32,307,179,25,0,41,171,147,1316
Maharashtra,Nandurbar,2014,36,25,0,0,84,4,98,73,17,0,6,34,36,413
Maharashtra,Nasik Commr.,2014,26,28,0,2,299,45,368,63,26,0,6,65,101,1029
Maharashtra,Nasik Rural,2014,98,87,0,10,319,27,558,334,23,0,25,406,224,2111
Maharashtra,Navi Mumbai,2014,51,88,0,2,549,186,793,82,105,5,10,109,158,2138
Maharashtra,Osmanabad,2014,39,43,0,2,206,24,289,136,14,0,19,65,126,963
Maharashtra,Palghar,2014,85,98,0,57,631,91,610,192,34,0,12,212,183,2205
Maharashtra,Parbhani,2014,44,38,0,34,204,24,350,145,10,0,28,141,140,1158
Maharashtra,Pune Commr.,2014,138,189,0,75,1362,409,2085,238,70,0,38,469,454,5527
Maharashtra,Pune Railway,2014,8,2,0,0,1,1,529,3,1,0,0,5,5,555
Maharashtra,Pune Rural,2014,153,147,1,6,807,164,1336,577,79,0,37,270,356,3933
Maharashtra,Raigad,2014,31,47,1,0,224,25,302,126,17,0,22,74,99,968
Maharashtra,Ratnagiri,2014,11,34,1,0,143,17,196,61,13,0,13,24,59,572
Maharashtra,Sangli,2014,50,66,1,15,227,36,398,205,19,0,22,136,157,1332
Maharashtra,Satara,2014,67,97,0,8,408,61,809,335,24,1,26,142,241,2219
Maharashtra,Sindhudurg,2014,7,12,1,3,84,5,108,24,8,0,15,20,42,329
Maharashtra,Solapur Commr.,2014,21,39,0,3,231,29,228,109,6,0,6,32,52,756
Maharashtra,Solapur Rural,2014,87,97,2,39,253,23,711,418,18,0,31,237,227,2143
Maharashtra,Thane Commr.,2014,117,215,0,100,1648,354,1511,322,124,1,38,571,559,5560
Maharashtra,Thane Rural,2014,51,75,0,4,349,85,364,157,33,0,26,107,165,1416
Maharashtra,Wardha,2014,35,62,0,11,166,50,655,41,30,0,19,109,192,1370
Maharashtra,Washim,2014,31,33,0,1,115,17,339,81,6,0,26,71,178,898
Maharashtra,Yavatmal,2014,75,108,0,16,448,70,1603,183,32,0,65,237,466,3303
Maharashtra,Total,2014,2670,3438,15,751,17171,3725,35850,7078,1958,19,1180,8120,10001,91976
Manipur,Bishnupur,2014,12,9,0,3,8,0,17,6,1,0,2,20,6,84
Manipur,Chandel,2014,4,0,0,2,0,0,11,3,0,0,3,3,1,27
Manipur,Churachandpur,2014,13,5,0,4,7,0,13,1,1,0,2,5,3,54
Manipur,C. I. D.,2014,0,0,0,0,0,0,0,0,0,0,0,0,0,0
Manipur,Imphal East,2014,13,20,0,10,15,1,43,13,2,0,6,44,7,174
Manipur,Imphal West,2014,20,20,1,13,28,28,65,42,31,0,8,103,44,403
Manipur,Senapati,2014,5,1,0,10,2,0,10,3,2,0,2,2,2,39
Manipur,Tamenglong,2014,4,0,0,7,0,0,10,1,0,0,9,6,0,37
Manipur,Thoubal,2014,15,19,0,8,13,0,37,29,19,0,6,88,35,269
Manipur,Ukhrul,2014,10,1,0,3,2,2,2,1,2,0,5,3,0,31
Manipur,Total,2014,96,75,1,60,75,31,208,99,58,0,43,274,98,1118
Meghalaya,Garo Hills East,2014,7,3,0,7,1,1,45,0,0,0,0,5,3,72
Meghalaya,Garo Hills North,2014,14,3,0,16,4,0,24,0,6,0,0,12,8,87
Meghalaya,Garo Hills South,2014,19,3,0,24,2,0,11,3,0,3,1,1,3,70
Meghalaya,Garo Hills South West,2014,5,4,0,0,0,0,7,0,0,0,0,2,8,26
Meghalaya,Garo Hills West,2014,28,11,7,43,47,2,27,1,10,0,4,12,11,203
Meghalaya,Jaintia Hills West,2014,18,10,0,9,23,23,52,0,1,0,4,15,5,160
Meghalaya,Jaintia Hills East,2014,19,11,0,0,2,0,28,0,11,1,9,12,7,100
Meghalaya,Khasi Hills East,2014,24,14,12,0,35,10,356,0,30,0,12,60,45,598
Meghalaya,Khasi Hills South West,2014,4,12,0,0,0,0,12,0,1,0,0,3,0,32
Meghalaya,Khasi Hills West,2014,11,19,0,9,18,0,49,0,1,0,0,12,4,123
Meghalaya,Ri-Bhoi,2014,10,28,7,4,14,0,67,3,1,0,8,19,11,172
Meghalaya,Total,2014,159,118,26,112,146,36,678,7,61,4,38,153,105,1643
Mizoram,Aizawl,2014,11,39,0,0,251,144,391,0,8,3,14,57,58,976
Mizoram,Champhai,2014,9,22,0,1,50,0,83,0,0,0,1,10,0,176
Mizoram,Kolasib,2014,1,10,1,0,42,36,123,0,5,0,1,6,10,235
Mizoram,Lawngtlai,2014,6,9,0,0,15,5,24,0,2,1,0,10,5,77
Mizoram,Lunglei,2014,8,14,0,0,39,3,50,0,1,0,0,7,13,135
Mizoram,Mamit,2014,1,10,0,0,40,0,31,0,0,0,2,3,6,93
Mizoram,Saiha,2014,4,4,0,0,16,16,25,0,0,0,1,3,2,71
Mizoram,Serchhip,2014,2,12,0,0,17,0,34,0,2,0,3,4,3,77
Mizoram,Spl Traffic,2014,0,0,0,0,0,0,0,0,0,0,0,0,0,0
Mizoram,Total,2014,42,120,1,1,470,204,761,0,18,4,22,100,97,1840
Nagaland,Dimapur,2014,22,12,2,9,21,6,55,2,8,1,7,8,10,163
Nagaland,Kiphire,2014,1,1,0,0,0,0,2,0,0,0,0,1,0,5
Nagaland,Kohima,2014,3,9,0,4,12,0,30,0,0,0,0,0,0,58
Nagaland,Longleng,2014,0,1,0,0,0,0,2,0,0,0,0,0,0,3
Nagaland,Mokokchung,2014,5,1,0,2,2,0,5,0,0,0,0,4,2,21
Nagaland,Mon,2014,6,1,0,0,1,0,10,0,0,0,0,0,0,18
Nagaland,Peren,2014,1,0,1,0,0,0,7,0,0,0,0,0,1,10
Nagaland,Phek,2014,9,1,0,0,3,0,25,0,1,0,0,3,3,45
Nagaland,Tuensang,2014,0,1,0,0,0,0,20,0,0,0,0,0,0,21
Nagaland,Wokha,2014,10,0,0,2,0,0,23,0,0,0,0,0,0,35
Nagaland,Zunheboto,2014,1,3,0,0,15,0,21,0,0,0,0,7,0,47
Nagaland,Total,2014,58,30,3,17,54,6,200,2,9,1,7,23,16,426
Odisha,Angul,2014,58,44,1,19,167,8,391,65,21,0,16,14,146,950
Odisha,Balasore,2014,65,110,11,8,240,9,216,58,16,0,27,149,566,1475
Odisha,Baragarh,2014,27,56,0,20,113,0,145,89,12,0,19,248,114,843
Odisha,Berhampur,2014,31,30,0,1,114,114,118,29,46,0,11,42,162,698
Odisha,Bhadrak,2014,39,63,0,18,99,0,159,45,15,0,29,38,178,683
Odisha,Bolangir,2014,26,56,0,0,129,0,135,64,12,1,20,212,211,866
Odisha,Boudh,2014,22,24,0,34,29,27,23,9,4,0,5,116,68,361
Odisha,Cuttack,2014,40,58,0,6,118,23,112,37,3,0,15,124,29,565
Odisha,DCP BBSR,2014,42,72,0,133,286,55,637,71,35,0,17,805,53,2206
Odisha,DCP CTC,2014,36,66,0,25,163,0,317,28,9,0,4,4,82,734
Odisha,Deogarh,2014,12,32,0,4,36,0,58,13,2,0,5,52,46,260
Odisha,Dhenkanal,2014,52,43,0,9,83,10,169,0,19,0,21,38,388,832
Odisha,Gajapati,2014,17,19,0,9,21,21,24,26,2,0,3,23,84,249
Odisha,Ganjam,2014,75,85,0,32,137,137,99,43,20,0,29,243,410,1310
Odisha,Jagatsinghpur,2014,43,37,0,47,165,99,211,54,17,0,18,208,208,1107
Odisha,Jajpur,2014,76,73,0,7,185,0,235,83,2,0,27,1047,238,1973
Odisha,Jharsuguda,2014,33,42,0,18,132,0,156,20,13,0,7,34,108,563
Odisha,Kalahandi,2014,38,101,0,36,85,0,75,0,18,0,8,349,215,925
Odisha,Kandhamal,2014,28,54,0,23,46,0,56,10,3,0,3,31,121,375
Odisha,Kendrapara,2014,34,48,0,0,97,1,68,37,6,0,24,156,154,625
Odisha,Keonjhar,2014,75,103,0,72,112,105,135,39,50,0,18,256,293,1258
Odisha,Khurda,2014,40,39,0,26,86,18,131,33,33,0,17,15,103,541
Odisha,Koraput,2014,71,94,0,13,105,0,66,49,5,0,6,15,152,576
Odisha,Malkangiri,2014,33,19,0,7,15,0,27,17,4,0,8,15,29,174
Odisha,Mayurbhanj,2014,110,139,16,19,148,8,179,37,19,2,13,43,324,1057
Odisha,Nayagarh,2014,33,23,0,9,65,5,69,48,1,0,10,9,37,309
Odisha,Nabarangpur,2014,23,73,0,3,49,4,38,94,4,0,7,5,194,494
Odisha,Nuapada,2014,14,26,0,15,56,0,58,31,16,0,6,39,136,397
Odisha,Puri,2014,54,68,5,0,241,0,299,98,25,0,45,447,151,1433
Odisha,Rayagada,2014,29,59,0,36,84,0,77,32,22,0,12,12,102,465
Odisha,Rourkela,2014,55,73,0,31,226,0,285,32,4,0,3,17,174,900
Odisha,Sambalpur,2014,48,81,0,35,297,40,383,74,15,0,16,687,108,1784
Odisha,Sonepur,2014,16,18,0,0,31,31,51,21,0,0,2,3,46,219
Odisha,SRP (Cuttack),2014,0,0,0,0,2,0,421,3,1,0,0,0,9,436
Odisha,SRP (Rourkela),2014,4,1,0,4,30,30,276,0,0,0,0,0,10,355
Odisha,Sundargarh,2014,51,49,0,1,90,10,110,19,11,1,6,23,94,465
Odisha,Total,2014,1450,1978,33,720,4082,755,6009,1408,485,4,477,5519,5543,28463
Punjab,Amritsar Rural,2014,47,31,19,21,119,0,92,0,9,0,5,191,78,612
Punjab,Barnala,2014,15,31,1,13,48,4,73,0,13,0,2,38,17,255
Punjab,Batala,2014,22,30,6,0,55,0,63,0,4,0,0,161,36,377
Punjab,Bathinda,2014,55,56,3,19,172,1,126,0,19,0,8,93,77,629
Punjab,CP Amritsar,2014,29,34,8,25,127,5,231,0,24,0,2,142,45,672
Punjab,CP Jalandhar,2014,16,49,4,44,194,34,282,0,7,0,4,47,77,758
Punjab,CP Ludhiana,2014,73,111,21,133,259,252,394,0,29,0,5,206,98,1581
Punjab,Faridkot,2014,23,24,0,12,63,4,43,0,2,1,3,78,16,269
Punjab,Fatehgarh Sahib,2014,16,26,6,13,47,0,39,0,8,0,0,16,22,193
Punjab,Fazilka,2014,24,52,5,1,61,0,45,0,2,0,1,140,18,349
Punjab,Ferozepur,2014,27,55,7,11,91,0,109,0,11,0,0,215,31,557
Punjab,G. R. P.,2014,11,1,0,0,3,0,76,0,0,0,0,7,3,101
Punjab,Gurdaspur,2014,13,26,8,0,41,1,65,0,9,0,6,98,37,304
Punjab,Hoshiarpur,2014,32,43,7,0,149,49,176,0,11,0,0,212,41,720
Punjab,Jalandhar Rural,2014,27,31,4,22,135,26,115,0,4,0,2,44,37,447
Punjab,Kapurthala,2014,21,29,14,14,98,21,99,0,3,0,2,189,33,523
Punjab,Khanna,2014,20,23,0,22,107,4,232,0,6,0,4,124,34,576
Punjab,Ludhiana Rural,2014,16,14,3,19,102,102,114,0,10,0,1,44,22,447
Punjab,Mansa,2014,32,22,5,6,51,2,30,0,12,0,1,61,22,244
Punjab,Moga,2014,25,29,1,3,106,26,105,0,16,1,5,85,39,441
Punjab,Muktsar,2014,29,29,1,1,77,12,61,0,16,0,2,42,24,294
Punjab,Pathankot,2014,9,11,5,5,45,4,43,0,5,0,1,18,11,157
Punjab,Patiala,2014,45,38,8,89,169,40,180,0,26,0,2,55,66,718
Punjab,Ropar,2014,22,21,0,3,76,50,61,0,7,0,3,82,52,377
Punjab,Sangrur,2014,42,57,0,12,128,30,130,0,11,0,3,230,54,697
Punjab,SAS Nagar,2014,26,59,5,49,167,42,180,0,17,0,0,145,57,747
Punjab,SBS Nagar,2014,15,20,7,16,85,19,58,0,2,0,1,44,18,285
Punjab,Tarn Taran,2014,35,29,6,7,81,81,78,0,12,0,0,193,48,570
Punjab,Total,2014,767,981,154,560,2856,809,3300,0,295,2,63,3000,1113,13900
Rajasthan,Ajmer,2014,45,130,12,164,293,166,425,0,21,0,23,16,181,1476
Rajasthan,Alwar,2014,104,299,29,126,238,133,912,0,17,0,13,25,256,2152
Rajasthan,Banswara,2014,25,146,12,116,79,27,88,39,1,0,12,57,103,705
Rajasthan,Baran,2014,34,67,15,0,101,0,263,0,12,0,16,168,212,888
Rajasthan,Barmer,2014,38,93,46,16,200,0,161,3,3,0,26,13,272,871
Rajasthan,Bharatpur,2014,99,219,5,137,79,79,610,0,8,0,25,2,145,1408
Rajasthan,Bhilwara,2014,35,54,0,13,203,0,371,7,9,0,14,66,173,945
Rajasthan,Bikaner,2014,48,75,0,10,138,78,185,0,18,0,15,11,89,667
Rajasthan,Bundi,2014,24,80,0,26,86,0,128,5,4,0,4,175,179,711
Rajasthan,Chittorgarh,2014,33,104,10,19,211,211,225,20,11,0,12,67,145,1068
Rajasthan,Churu,2014,35,72,11,44,158,71,160,0,10,4,13,35,45,658
Rajasthan,Dausa,2014,40,37,0,35,73,0,346,11,3,0,7,0,150,702
Rajasthan,Dholpur,2014,44,78,17,20,59,59,211,0,11,0,9,32,43,583
Rajasthan,Dungarpur,2014,31,110,6,12,67,28,53,2,13,0,11,108,154,595
Rajasthan,G.R.P.Ajmer,2014,5,3,0,3,0,0,1091,1,3,0,0,1,5,1112
Rajasthan,G.R.P.Jodhpur,2014,6,1,0,1,0,0,136,0,0,0,0,0,7,151
Rajasthan,Ganganagar,2014,43,180,8,95,180,53,213,0,32,0,1,12,147,964
Rajasthan,Hanumangarh,2014,67,135,11,7,133,6,153,0,9,0,8,66,124,719
Rajasthan,Jaipur East,2014,35,73,5,19,443,121,682,53,37,0,12,0,165,1645
Rajasthan,Jaipur North,2014,16,42,0,44,124,0,264,4,11,0,2,2,75,584
Rajasthan,Jaipur Rural,2014,63,80,12,32,194,9,432,9,31,0,15,5,183,1065
Rajasthan,Jaipur South,2014,21,56,0,115,273,49,521,6,96,1,7,1,97,1243
Rajasthan,Jaipur West,2014,36,92,1,139,389,22,491,3,176,0,5,3,118,1475
Rajasthan,Jaisalmer,2014,12,10,0,8,74,0,100,15,0,0,13,5,94,331
Rajasthan,Jalore,2014,44,43,7,0,129,0,107,8,6,0,14,5,104,467
Rajasthan,Jhalawar,2014,49,138,33,19,143,0,201,40,19,0,29,90,296,1057
Rajasthan,Jhunjhunu,2014,38,79,5,81,203,0,311,16,3,0,9,30,53,828
Rajasthan,Jodhpur East,2014,20,25,0,45,130,130,167,3,4,0,6,4,97,631
Rajasthan,Jodhpur West,2014,28,46,0,8,109,109,225,0,2,0,18,15,117,677
Rajasthan,Jodhpur Rural,2014,21,43,2,15,167,36,173,0,10,0,5,6,115,593
Rajasthan,Karauli,2014,34,49,0,130,45,0,241,2,9,0,18,0,104,632
Rajasthan,Kota City,2014,19,100,2,49,135,104,275,0,9,0,1,28,102,824
Rajasthan,Kota Rural,2014,19,60,0,12,65,0,77,0,6,0,12,111,186,548
Rajasthan,Nagaur,2014,69,102,0,25,208,138,266,0,2,0,22,9,94,935
Rajasthan,Pali,2014,52,107,23,0,272,0,208,0,10,0,9,27,341,1049
Rajasthan,Praapgarh,2014,39,202,7,12,66,2,86,18,2,0,22,33,305,794
Rajasthan,Rajsamand,2014,17,48,0,37,108,20,125,8,3,0,7,31,81,485
Rajasthan,Sawai Madhopur,2014,23,70,30,59,47,4,194,0,4,0,8,0,96,535
Rajasthan,Sikar,2014,65,79,0,53,220,0,472,14,6,0,40,4,60,1013
Rajasthan,Sirohi,2014,41,51,3,2,56,12,73,6,6,0,6,67,78,401
Rajasthan,Tonk,2014,30,52,24,2,114,114,183,69,7,0,4,96,129,824
Rajasthan,Udaipur,2014,90,229,37,122,367,74,475,106,13,0,30,59,479,2081
Rajasthan,Total,2014,1637,3759,373,1872,6379,1855,12080,468,657,5,523,1485,5999,37092
Sikkim,East,2014,7,16,5,6,93,57,41,3,10,0,21,29,15,303
Sikkim,North,2014,0,2,0,0,4,1,13,0,0,0,2,2,1,25
Sikkim,South,2014,2,15,1,0,13,1,39,1,0,0,11,17,13,113
Sikkim,West,2014,3,14,3,1,2,0,10,0,0,0,6,8,5,52
Sikkim,CID,2014,0,0,0,0,0,0,1,0,0,0,0,0,0,1
Sikkim,Total,2014,12,47,9,7,112,59,104,4,10,0,40,56,34,494
Tamil Nadu,Ariyalur,2014,19,6,0,2,21,21,38,30,0,0,12,4,23,176
Tamil Nadu,Chennai,2014,161,65,1,5,368,93,1268,118,6,0,17,44,59,2205
Tamil Nadu,Coimbatore,2014,43,7,0,4,187,51,230,32,3,0,9,7,21,594
Tamil Nadu,Coimbatore City,2014,21,5,0,7,166,32,240,25,8,2,14,17,8,545
Tamil Nadu,Cuddalore,2014,50,14,0,15,183,30,266,229,0,0,35,20,3,845
Tamil Nadu,Dharmapuri,2014,43,11,0,3,104,17,139,116,7,10,25,35,26,536
Tamil Nadu,Dindigul,2014,61,15,0,1,100,19,143,65,23,0,12,7,29,475
Tamil Nadu,Erode,2014,53,0,0,10,113,0,200,27,6,0,10,26,19,464
Tamil Nadu,Kanchipuram,2014,66,16,0,0,219,0,379,0,6,0,10,29,8,733
Tamil Nadu,Kanyakumari,2014,41,7,1,4,195,19,206,0,0,5,40,7,3,528
Tamil Nadu,Karur,2014,20,1,0,2,64,23,98,43,4,0,4,3,20,282
Tamil Nadu,Krishnagiri,2014,59,13,0,6,174,174,217,141,0,1,13,28,34,860
Tamil Nadu,Madurai,2014,67,37,0,33,324,58,382,175,16,0,31,250,79,1452
Tamil Nadu,Madurai City,2014,33,6,0,10,123,9,187,23,8,0,7,4,22,432
Tamil Nadu,Nagapattinam,2014,36,16,0,2,87,87,118,73,0,0,19,7,14,459
Tamil Nadu,Namakkal,2014,35,0,0,6,65,12,84,44,5,0,10,19,48,328
Tamil Nadu,Nilgiris,2014,7,6,0,0,38,15,33,11,13,0,7,16,12,158
Tamil Nadu,Perambalur,2014,15,7,0,0,22,22,40,22,1,0,1,9,26,165
Tamil Nadu,Pudukottai,2014,34,3,0,7,42,10,78,38,15,0,21,31,29,308
Tamil Nadu,Ramnathapuram,2014,45,8,1,10,129,22,110,63,12,0,27,15,12,454
Tamil Nadu,Railway Chennai,2014,3,1,0,0,4,0,343,11,0,0,0,2,4,368
Tamil Nadu,Railway Trichy,2014,0,0,0,0,5,0,111,5,0,0,0,0,0,121
Tamil Nadu,Salem,2014,58,6,2,5,78,78,86,91,1,0,30,15,46,496
Tamil Nadu,Salem City,2014,36,5,0,8,76,76,116,44,9,0,2,573,12,957
Tamil Nadu,Sivagangai,2014,29,15,1,9,153,153,140,8,6,0,13,41,13,581
Tamil Nadu,Thanjavur,2014,70,8,0,32,157,98,238,158,5,0,39,59,62,926
Tamil Nadu,Theni,2014,47,8,0,0,103,103,157,75,2,0,10,13,30,548
Tamil Nadu,Thirunelveli,2014,108,36,7,46,253,155,198,0,5,0,75,29,47,959
Tamil Nadu,Thirunelveli City,2014,18,6,0,0,59,0,99,0,0,0,3,0,3,188
Tamil Nadu,Thiruvallur,2014,37,8,0,0,127,15,137,144,1,0,9,17,2,497
Tamil Nadu,Thiruvannamalai,2014,47,16,0,0,137,22,167,0,3,0,15,30,14,451
Tamil Nadu,Thiruvarur,2014,26,2,0,4,104,15,128,34,1,0,26,9,2,351
Tamil Nadu,Thoothugudi,2014,89,16,3,3,208,208,226,0,19,0,35,36,44,887
Tamil Nadu,Tiruppur,2014,36,6,0,19,169,68,150,33,20,2,7,8,15,533
Tamil Nadu,Tiruppur City,2014,20,5,0,6,110,40,53,22,7,2,3,6,7,281
Tamil Nadu,Trichy,2014,39,8,0,0,55,14,107,66,0,0,0,3,51,343
Tamil Nadu,Trichy City,2014,24,3,0,4,41,41,241,10,0,0,0,13,10,387
Tamil Nadu,Vellore,2014,92,12,0,97,317,317,362,11,12,0,20,0,44,1284
Tamil Nadu,Villupuram,2014,68,38,0,13,220,46,224,346,5,0,51,75,176,1262
Tamil Nadu,Virudhunagar,2014,49,13,0,11,166,51,197,75,13,0,13,6,25,619
Tamil Nadu,Cyber Cell,2014,0,0,0,0,0,0,0,0,0,0,0,0,0,0
Tamil Nadu,Other Units,2014,0,0,0,0,0,0,0,0,0,0,0,0,0,0
Tamil Nadu,Total,2014,1805,455,16,384,5266,2214,7936,2408,242,22,675,1513,1102,24038
Telangana,Adilabad,2014,101,42,13,7,292,58,369,27,43,2,37,61,244,1296
Telangana,Cyberabad,2014,144,139,3,73,1122,245,2484,11,190,3,57,181,376,5028
Telangana,Hyderabad City,2014,118,126,2,132,754,141,2870,29,97,5,20,119,393,4806
Telangana,Karimnagar,2014,109,66,0,23,377,109,490,87,108,0,38,187,373,1967
Telangana,Khammam,2014,76,102,2,58,432,98,468,73,40,0,16,50,351,1766
Telangana,Mahaboob Nagar,2014,240,169,3,13,369,369,933,105,36,0,65,58,242,2602
Telangana,Medak,2014,130,60,0,35,384,82,541,39,20,0,45,49,211,1596
Telangana,Nalgonda,2014,114,126,19,71,383,383,518,129,65,0,67,152,447,2474
Telangana,Nizamabad,2014,122,36,4,32,416,59,434,39,26,0,65,64,163,1460
Telangana,Ranga Reddy,2014,77,51,1,5,106,15,157,0,2,0,36,28,83,561
Telangana,Secunderabad Railway,2014,4,2,0,0,1,1,760,0,2,0,0,0,5,775
Telangana,Warangal,2014,47,41,26,9,172,37,270,72,5,0,22,63,186,950
Telangana,Warangal Urban,2014,26,19,0,5,141,47,213,32,1,0,14,44,114,656
Telangana,Total,2014,1308,979,73,463,4949,1644,10507,643,635,10,482,1056,3188,25937
Tripura,Dhalai,2014,20,34,4,5,12,0,11,4,3,0,4,45,49,191
Tripura,Gomati,2014,15,32,0,1,23,0,42,11,2,0,12,173,51,362
Tripura,G. R. P.,2014,0,0,0,0,0,0,2,0,0,0,0,4,2,8
Tripura,Kowai,2014,10,15,3,0,18,18,27,2,7,0,1,83,36,220
Tripura,North,2014,10,26,8,2,11,4,28,6,9,3,5,135,41,288
Tripura,Sipahijala,2014,19,19,0,11,28,0,35,16,6,0,12,148,76,370
Tripura,South,2014,17,20,7,9,22,0,19,11,5,0,4,176,47,337
Tripura,Unakoti,2014,8,24,1,2,9,9,14,13,2,0,3,127,29,241
Tripura,West,2014,41,69,12,0,96,18,84,19,4,0,18,337,161,859
Tripura,Total,2014,140,239,35,30,219,49,262,82,38,3,59,1228,492,2876
Uttar Pradesh,Agra,2014,178,77,14,0,326,248,688,413,99,0,10,316,281,2650
Uttar Pradesh,Aligarh,2014,179,112,53,0,302,0,637,409,129,0,25,283,307,2436
Uttar Pradesh,Allahabad,2014,132,109,0,61,381,0,572,118,124,0,1,350,309,2157
Uttar Pradesh,Ambedkar Nagar,2014,24,20,0,1,22,0,47,37,19,0,0,126,16,312
Uttar Pradesh,Amethi,2014,36,27,0,11,51,51,62,39,19,0,0,192,78,566
Uttar Pradesh,Amroha,2014,60,35,5,13,50,0,207,44,26,0,0,117,81,638
Uttar Pradesh,Auraiya,2014,34,21,0,0,26,0,46,20,28,0,1,7,73,256
Uttar Pradesh,Azamgarh,2014,68,42,0,39,143,0,140,190,53,0,0,313,102,1090
Uttar Pradesh,Badaun,2014,120,71,2,0,50,30,166,9,27,0,2,323,148,948
Uttar Pradesh,Baghpat,2014,83,35,0,34,34,0,148,54,23,0,0,9,96,516
Uttar Pradesh,Bahraich,2014,53,68,0,21,84,54,132,73,39,1,3,169,45,742
Uttar Pradesh,Ballia,2014,36,21,8,1,80,80,99,95,30,0,1,188,71,710
Uttar Pradesh,Balrampur,2014,28,19,0,7,24,0,35,22,13,0,0,44,28,220
Uttar Pradesh,Banda,2014,42,71,13,30,86,0,121,78,31,0,1,40,185,698
Uttar Pradesh,Barabanki,2014,57,35,1,1,29,0,53,2,64,0,0,306,51,599
Uttar Pradesh,Bareilly,2014,132,76,8,0,151,0,377,153,147,0,4,179,252,1479
Uttar Pradesh,Basti,2014,31,15,0,0,24,0,43,20,21,0,10,86,27,277
Uttar Pradesh,Bijnor,2014,84,80,44,18,94,0,253,71,42,0,6,14,175,881
Uttar Pradesh,Bulandshahar,2014,171,82,48,82,119,3,358,157,65,0,7,16,239,1347
Uttar Pradesh,Chandoli,2014,20,26,3,10,52,0,68,38,39,0,4,206,92,558
Uttar Pradesh,Chitrakoot,2014,33,23,0,8,62,0,36,12,29,0,3,16,56,278
Uttar Pradesh,Deoria,2014,42,35,5,20,55,46,65,81,19,0,5,208,68,649
Uttar Pradesh,Etah,2014,65,54,4,27,66,0,163,110,38,0,1,320,114,962
Uttar Pradesh,Etawah,2014,55,30,0,0,65,0,121,26,54,0,9,98,80,538
Uttar Pradesh,Faizabad,2014,32,37,0,1,79,79,139,28,48,0,0,207,91,741
Uttar Pradesh,Fatehgarh,2014,58,19,0,18,47,0,84,34,20,0,0,5,38,323
Uttar Pradesh,Fatehpur,2014,55,58,14,9,74,1,82,40,70,0,5,271,101,780
Uttar Pradesh,Firozabad,2014,140,61,8,0,112,0,234,201,62,0,19,347,131,1315
Uttar Pradesh,G. R. P.,2014,30,5,0,12,1,1,3947,6,11,0,0,12,64,4089
Uttar Pradesh,Gautambudh Nagar,2014,104,54,8,5,202,39,1336,187,106,0,0,16,161,2218
Uttar Pradesh,Ghaziabad,2014,166,118,0,0,210,0,757,70,176,0,2,16,283,1798
Uttar Pradesh,Ghazipur,2014,64,24,0,25,81,81,100,93,36,0,1,272,69,846
Uttar Pradesh,Gonda,2014,45,37,5,41,75,75,63,48,36,0,2,237,56,720
Uttar Pradesh,Gorakhpur,2014,113,92,0,42,230,0,210,193,87,0,0,363,132,1462
Uttar Pradesh,Hamirpur,2014,31,29,0,12,29,0,49,34,21,0,8,52,97,362
Uttar Pradesh,Hapur,2014,42,46,1,0,31,0,158,34,23,0,4,10,62,411
Uttar Pradesh,Hardoi,2014,79,39,2,14,47,0,130,36,45,0,1,418,93,904
Uttar Pradesh,Hathras,2014,72,60,5,17,70,59,107,112,50,0,5,100,121,778
Uttar Pradesh,Jalaun,2014,36,12,0,11,40,0,56,11,20,0,0,11,44,241
Uttar Pradesh,Jaunpur,2014,55,50,0,6,96,96,106,107,38,0,0,414,62,1030
Uttar Pradesh,Jhansi,2014,68,28,2,9,44,3,124,54,32,0,5,19,85,473
Uttar Pradesh,Kannauj,2014,39,22,0,0,24,20,78,10,31,0,5,2,98,329
Uttar Pradesh,Kanpur Dehat,2014,46,20,0,4,22,0,63,40,24,0,12,139,95,465
Uttar Pradesh,Kanpur Nagar,2014,137,78,6,302,250,0,400,224,189,0,3,237,261,2087
Uttar Pradesh,Kasganj,2014,20,19,0,0,33,1,80,41,20,0,0,154,58,426
Uttar Pradesh,Kaushambi,2014,40,14,1,10,56,0,72,23,34,0,5,123,120,498
Uttar Pradesh,Khiri,2014,79,49,0,0,67,17,188,65,38,0,4,281,107,895
Uttar Pradesh,Kushi Nagar,2014,36,22,0,48,40,0,60,119,38,0,6,261,53,683
Uttar Pradesh,Lalitpur,2014,27,25,0,6,12,0,37,26,11,0,0,9,38,191
Uttar Pradesh,Lucknow,2014,132,68,2,6,623,79,1106,174,511,0,14,33,392,3140
Uttar Pradesh,Maharajganj,2014,33,32,0,0,27,0,20,37,15,0,9,150,29,352
Uttar Pradesh,Mahoba,2014,27,22,0,0,34,0,30,26,18,0,0,2,62,221
Uttar Pradesh,Mainpuri,2014,57,23,1,0,57,0,109,85,38,2,0,171,69,612
Uttar Pradesh,Mathura,2014,86,73,0,0,110,23,313,190,70,0,4,243,114,1226
Uttar Pradesh,Mau,2014,28,25,3,4,67,48,106,84,25,0,8,227,51,676
Uttar Pradesh,Meerut,2014,226,93,0,145,279,235,915,283,109,0,0,23,412,2720
Uttar Pradesh,Mirzapur,2014,25,19,0,0,19,19,20,1,22,0,4,89,10,228
Uttar Pradesh,Moradabad,2014,90,89,0,150,120,0,281,78,59,1,0,46,189,1103
Uttar Pradesh,Muzaffarnagar,2014,137,37,17,47,36,0,331,135,66,0,8,12,148,974
Uttar Pradesh,Pilibhit,2014,54,69,11,6,52,0,92,13,42,0,0,2,107,448
Uttar Pradesh,Pratapgarh,2014,72,68,2,100,159,23,169,200,71,0,11,305,165,1345
Uttar Pradesh,Raibareilly,2014,50,48,1,2,82,6,102,60,25,0,1,144,69,590
Uttar Pradesh,Rampur,2014,54,34,0,6,53,0,195,32,59,0,0,0,54,487
Uttar Pradesh,Saharanpur,2014,92,73,7,50,106,0,334,167,48,0,0,19,167,1063
Uttar Pradesh,Sambhal,2014,73,48,0,19,56,56,163,66,29,0,0,29,72,611
Uttar Pradesh,Sant Kabirnagar,2014,28,23,0,0,23,23,34,22,14,0,0,145,25,337
Uttar Pradesh,Shahjahanpur,2014,88,83,0,0,59,0,159,36,47,2,4,281,181,940
Uttar Pradesh,Shamli,2014,67,32,11,22,49,43,125,100,18,0,0,43,58,568
Uttar Pradesh,Shrawasti,2014,15,5,0,5,35,21,32,16,5,0,0,165,31,330
Uttar Pradesh,Sidharthnagar,2014,17,20,0,0,48,0,28,25,13,2,0,1,27,181
Uttar Pradesh,Sitapur,2014,91,74,0,2,84,0,205,65,49,0,3,125,163,861
Uttar Pradesh,Sonbhadra,2014,32,26,1,0,28,28,43,3,22,0,1,151,24,359
Uttar Pradesh,St.Ravidasnagar,2014,17,19,0,1,40,0,26,1,15,0,0,55,12,186
Uttar Pradesh,Sultanpur,2014,53,46,3,16,119,0,152,69,33,0,2,206,67,766
Uttar Pradesh,Unnao,2014,77,69,0,30,82,0,193,46,53,0,0,34,237,821
Uttar Pradesh,Varanasi,2014,52,47,5,20,126,126,239,76,154,0,1,209,176,1231
Uttar Pradesh,Total,2014,5150,3467,324,1607,6921,1714,18819,6197,4074,8,250,10812,8605,67948
Uttarakhand,Almora,2014,4,6,1,40,7,0,6,3,0,0,1,1,4,73
Uttarakhand,Bageshwar,2014,5,3,0,0,5,0,6,0,1,0,0,1,4,25
Uttarakhand,Chamoli,2014,3,4,1,7,7,0,7,3,2,0,0,2,9,45
Uttarakhand,Champawat,2014,2,8,0,0,1,0,4,4,0,0,0,2,5,26
Uttarakhand,Dehradun,2014,26,55,5,48,104,31,271,93,38,5,2,34,80,792
Uttarakhand,Haridwar,2014,73,73,16,112,66,0,295,158,43,2,0,43,99,980
Uttarakhand,Nainital,2014,28,36,1,158,35,4,80,29,13,0,2,20,38,444
Uttarakhand,Pauri Garhwal,2014,6,8,2,60,10,0,24,11,3,0,0,7,12,143
Uttarakhand,Pithoragarh,2014,4,8,0,11,8,0,8,8,0,0,0,2,9,58
Uttarakhand,Rudra Prayag,2014,4,4,0,7,14,0,9,5,2,0,0,3,9,57
Uttarakhand,Tehri Garhwal,2014,6,7,0,13,4,0,10,5,1,0,3,9,0,58
Uttarakhand,Udhamsingh Nagar,2014,55,49,15,65,53,5,155,109,32,0,0,56,67,661
Uttarakhand,Uttarkashi,2014,2,9,0,13,9,9,6,8,0,0,0,1,7,64
Uttarakhand,Total,2014,218,270,41,534,323,49,881,436,135,7,8,181,343,3426
West Bengal,North 24 Parganas,2014,141,227,108,728,3,0,1085,330,194,0,44,1901,319,5080
West Bengal,South 24 Parganas,2014,248,341,138,238,135,0,1300,1818,57,0,30,792,313,5410
West Bengal,Alipurduar,2014,49,118,34,60,5,0,512,9,30,0,4,19,83,923
West Bengal,Asansol-Durgapur PC,2014,52,58,23,57,10,0,352,185,101,0,10,0,160,1008
West Bengal,Bankura,2014,75,79,26,21,11,0,197,92,48,0,22,50,121,742
West Bengal,Barrackpur PC,2014,86,77,24,112,0,0,878,71,93,16,1,937,201,2496
West Bengal,Bidhannagar PC,2014,18,24,3,43,7,1,393,35,87,0,2,111,97,821
West Bengal,Birbhum,2014,110,82,49,9,13,9,232,227,16,4,14,664,99,1528
West Bengal,Burdwan,2014,133,121,111,48,5,5,568,268,45,0,40,221,273,1838
West Bengal,Coochbehar,2014,80,141,81,289,6,0,227,52,16,0,57,802,151,1902
West Bengal,Dakshin Dinajpur,2014,44,64,38,0,2,2,147,9,4,0,8,394,51,763
West Bengal,Darjeeling,2014,29,60,14,20,3,3,278,7,75,0,17,402,95,1003
West Bengal,Hooghly,2014,125,110,54,77,12,0,782,343,48,17,66,69,226,1929
West Bengal,Howrah G. R. P.,2014,82,77,18,6,22,13,202,127,82,0,26,829,181,1665
West Bengal,Howrah PC,2014,43,43,7,196,9,0,908,28,121,0,15,329,318,2017
West Bengal,Howrah Rural,2014,11,3,0,0,0,0,288,1,0,0,0,0,13,316
West Bengal,Jalpaiguri,2014,57,129,71,183,6,0,565,5,26,0,5,42,199,1288
West Bengal,Jhargram Police District,2014,28,29,2,16,9,0,97,21,10,0,4,39,70,325
West Bengal,Kharagpur G. R. P.,2014,7,0,0,1,0,0,154,2,1,0,0,1,6,172
West Bengal,Kolkata,2014,83,154,1,138,66,19,3864,316,384,2,0,917,585,6529
West Bengal,Malda,2014,102,252,119,293,7,0,197,43,0,0,41,1312,331,2697
West Bengal,Murshidabad,2014,158,474,325,230,3,0,609,84,92,0,31,3812,526,6344
West Bengal,Nadia,2014,166,204,230,42,1,1,763,133,101,0,13,1104,192,2950
West Bengal,Paschim Medinipur,2014,104,91,23,195,6,3,457,176,67,0,14,88,558,1782
West Bengal,Purab Medinipur,2014,100,112,65,45,7,0,386,433,188,0,30,7,159,1532
West Bengal,Purulia,2014,72,72,24,34,4,0,161,64,20,0,9,237,142,839
West Bengal,Sealdah G. R. P.,2014,23,7,0,20,0,0,344,5,2,0,0,58,46,505
West Bengal,Siliguri G. R. P.,2014,8,1,0,0,0,0,148,0,0,0,0,0,9,166
West Bengal,Siliguri PC,2014,46,72,14,31,3,0,675,3,77,0,4,264,165,1354
West Bengal,Uttar Dinajpur,2014,90,187,130,51,4,1,517,24,43,0,47,2791,157,4042
West Bengal,Total,2014,2370,3409,1732,3183,359,57,17286,4911,2028,39,554,18192,5846,59966
A&N Islands,South Andaman,2014,5,19,0,4,53,22,32,10,4,0,3,20,27,199
A&N Islands,North & Middle Andaman,2014,2,11,0,4,8,3,9,0,1,0,1,9,14,62
A&N Islands,Nicobar,2014,1,2,0,0,3,1,0,0,1,0,1,0,0,9
A&N Islands,Total,2014,8,32,0,8,64,26,41,10,6,0,5,29,41,270
Chandigarh,Chandigarh,2014,24,59,6,28,134,49,443,27,23,0,13,19,87,912
Chandigarh,Total,2014,24,59,6,28,134,49,443,27,23,0,13,19,87,912
D&N Haveli,D&N Haveli,2014,4,5,0,0,15,15,25,6,1,0,5,13,2,91
D&N Haveli,Total,2014,4,5,0,0,15,15,25,6,1,0,5,13,2,91
Daman & Diu,Daman,2014,6,2,0,4,21,20,7,4,1,0,0,13,2,80
Daman & Diu,Diu,2014,1,0,0,0,0,0,0,0,0,0,0,2,1,4
Daman & Diu,Total,2014,7,2,0,4,21,20,7,4,1,0,0,15,3,84
Delhi UT,Central,2014,30,91,0,14,576,231,2992,6,45,0,0,34,212,4231
Delhi UT,Crime Branch,2014,0,1,0,0,0,0,0,0,0,4,0,0,1,6
Delhi UT,East,2014,61,230,6,72,999,399,6324,23,77,0,19,33,446,8689
Delhi UT,EOW,2014,0,0,0,0,0,0,0,0,1,0,0,0,2,3
Delhi UT,IGI Airport,2014,1,0,0,0,1,0,149,0,4,0,0,1,12,168
Delhi UT,Metro,2014,0,1,0,5,2,0,2172,1,10,0,1,2,28,2222
Delhi UT,New Delhi,2014,6,20,0,0,53,5,1089,16,20,51,8,3,56,1327
Delhi UT,North,2014,31,60,3,14,653,171,3410,12,49,0,11,28,180,4622
Delhi UT,North-East,2014,84,237,7,114,1049,144,4506,25,53,0,19,64,492,6794
Delhi UT,North-West,2014,48,165,12,0,935,225,5384,8,57,0,10,92,404,7340
Delhi UT,Outer,2014,87,259,9,0,1842,285,7375,13,97,0,31,74,428,10500
Delhi UT,RAILWAY,2014,10,1,0,6,0,0,1442,3,5,0,0,6,19,1492
Delhi UT,South,2014,40,280,10,0,1249,492,6252,0,68,0,32,80,595,9098
Delhi UT,South-East,2014,67,266,6,52,1065,786,5080,20,76,0,20,106,469,8013
Delhi UT,South-West,2014,66,234,16,93,913,425,3140,5,42,0,21,63,494,5512
Delhi UT,Spl Cell,2014,0,0,0,0,0,0,1,0,0,5,0,0,0,6
Delhi UT,SPUWAC,2014,0,0,0,0,0,0,0,0,1,0,0,0,0,1
Delhi UT,Vigilance,2014,0,0,0,0,0,0,0,0,0,0,0,0,0,0
Delhi UT,West,2014,55,251,1,82,972,263,6053,3,71,1,18,73,484,8327
Delhi UT,Total,2014,586,2096,70,452,10309,3426,55369,135,676,61,190,659,4322,78351
Lakshadweep,Lakshadweep,2014,0,1,0,0,10,5,15,0,2,0,5,1,1,40
Lakshadweep,Total,2014,0,1,0,0,10,5,15,0,2,0,5,1,1,40
Puducherry,Karaikal,2014,6,3,0,0,18,4,22,4,1,0,0,8,12,78
Puducherry,Puducherry,2014,19,7,0,3,43,15,117,12,6,0,1,97,20,340
Puducherry,Total,2014,25,10,0,3,61,19,139,16,7,0,1,105,32,418
